HEB;h;b;ts;tg;r;h - 2c;ASteg;A;G;Iy;Wy;Sy;iy;Iz;Wz;Sz;iz;IT;Iw ;wmax;iz,g;Npl;Vpl,z;Mpl,y;Vpl,y;Mpl,z;Mpl,xp;Mpl,xs;Mpl,w ;
;mm;mm;mm;mm;mm;mm;cm2;cm2;kg/m;cm4;cm3;cm3;cm;cm4;cm3;cm3;cm;cm4; cm6;cm2;cm;kN;kN;kNcm;kN;kNcm;kNcm;kNcm;kNcm2;
;;;;;;;;;;;;;;;;;;;;;;;;;;;;;;
100;100;100;6;10;12;=ZS(-5)-2*(ZS(-2)+ZS(-1));=(ZS(-6)-ZS(-3))*ZS(-4)/100;=(2*ZS(-6)*ZS(-4)+(ZS(-7)-2*ZS(-4))*ZS(-5)+4*0,2146*ZS(-3)^2)/100;=ZS(-1)*0,785;=(1/12*(ZS(-9)-2*ZS(-6))^3*ZS(-7)+2/12*ZS(-6)^3*ZS(-8)+2*ZS(-8)*ZS(-6)*(ZS(-9)-ZS(-6))^2*1/4+4*0,00755*ZS(-5)^4+4*0,2146*ZS(-5)^2*(ZS(-9)/2-ZS(-6)-0,2234*ZS(-5))^2)/10000;=ZS(-1)*2/(ZS(-10)/10);=(ZS(-10)*ZS(-8)*1/2*(ZS(-11)-ZS(-8))+ZS(-9)*1/8*(ZS(-11)-2*ZS(-8))^2+2*0,2146*ZS(-7)^2*(ZS(-11)/2-ZS(-8)-0,2234*ZS(-7)))/1000;=WURZEL(ZS(-3)/ZS(-5));=(2/12*ZS(-12)^3*ZS(-10)+1/12*ZS(-11)^3*(ZS(-13)-2*ZS(-10))+4*0,00755*ZS(-9)^4+4*0,2146*ZS(-9)^2*(ZS(-11)/2+0,2234*ZS(-9))^2)/10000;=ZS(-1)*2/(ZS(-13)/10);=(2*ZS(-12)*1/8*ZS(-14)^2+(ZS(-15)-2*ZS(-12))*1/8*ZS(-13)^2+2*0,2146*ZS(-11)^2*(ZS(-13)/2+0,2234*ZS(-11)))/1000;=WURZEL(ZS(-3)/ZS(-9));=(2/3*ZS(-16)*ZS(-14)^3*(1-0,63*ZS(-14)/ZS(-16))+1/3*(ZS(-17)-2*ZS(-14))*ZS(-15)^3+2*(0,145+0,1*ZS(-13)/ZS(-14))*ZS(-15)/ZS(-14)*(((ZS(-13)+ZS(-15)/2)^2+(ZS(-13)+ZS(-14))^2-ZS(-13)^2)/(ZS(-14)+2*ZS(-13)))^4)/10000;=(1/24*ZS(-15)*ZS(-17)^3*(ZS(-18)-ZS(-15))^2)/1000000;=1/4*ZS(-18)*(ZS(-19)-ZS(-16))/100;=(WURZEL((1/12*ZS(-17)*ZS(-19)^3+1/12*1/5*(ZS(-20)-2*ZS(-17))*ZS(-18)^3+2*0,00755*ZS(-16)^4+2*0,2146*ZS(-16)^2*(ZS(-18)/2+0,2234*ZS(-16))^2)/(ZS(-19)*ZS(-17)+1/5*ZS(-18)*(ZS(-20)-2*ZS(-17))+2*0,2146*ZS(-16)^2)))/10;=24*ZS(-14);=24/WURZEL(3)*ZS(-16);=24*(2*ZS(-22)*ZS(-20)*1/2*(ZS(-23)-ZS(-20))+1/4*(ZS(-23)-2*ZS(-20))^2*ZS(-21)+4*0,2146*ZS(-19)^2*(ZS(-23)/2-ZS(-20)-0,2234*ZS(-19)))/1000;=24/WURZEL(3)*(2*ZS(-23)*ZS(-21))/100;=24*(2*1/4*ZS(-24)^2*ZS(-22)+1/4*ZS(-23)^2*(ZS(-25)-2*ZS(-22))+4*0,2146*ZS(-21)^2*(ZS(-23)/2+0,2234*ZS(-21)))/1000;=24/WURZEL(3)*(2*ZS3*ZS5^3+(ZS2-ZS5)*ZS4^3)*(1/(2*ZS5)-1/(4*ZS3))/1000;=1/2*ZS(-3)*(ZS(-27)-ZS(-24))/10;=24*1/4*ZS(-27)^2*ZS(-25)*(ZS(-28)-ZS(-25))/10000;
120;120;120;6,5;11;12;=ZS(-5)-2*(ZS(-2)+ZS(-1));=(ZS(-6)-ZS(-3))*ZS(-4)/100;=(2*ZS(-6)*ZS(-4)+(ZS(-7)-2*ZS(-4))*ZS(-5)+4*0,2146*ZS(-3)^2)/100;=ZS(-1)*0,785;=(1/12*(ZS(-9)-2*ZS(-6))^3*ZS(-7)+2/12*ZS(-6)^3*ZS(-8)+2*ZS(-8)*ZS(-6)*(ZS(-9)-ZS(-6))^2*1/4+4*0,00755*ZS(-5)^4+4*0,2146*ZS(-5)^2*(ZS(-9)/2-ZS(-6)-0,2234*ZS(-5))^2)/10000;=ZS(-1)*2/(ZS(-10)/10);=(ZS(-10)*ZS(-8)*1/2*(ZS(-11)-ZS(-8))+ZS(-9)*1/8*(ZS(-11)-2*ZS(-8))^2+2*0,2146*ZS(-7)^2*(ZS(-11)/2-ZS(-8)-0,2234*ZS(-7)))/1000;=WURZEL(ZS(-3)/ZS(-5));=(2/12*ZS(-12)^3*ZS(-10)+1/12*ZS(-11)^3*(ZS(-13)-2*ZS(-10))+4*0,00755*ZS(-9)^4+4*0,2146*ZS(-9)^2*(ZS(-11)/2+0,2234*ZS(-9))^2)/10000;=ZS(-1)*2/(ZS(-13)/10);=(2*ZS(-12)*1/8*ZS(-14)^2+(ZS(-15)-2*ZS(-12))*1/8*ZS(-13)^2+2*0,2146*ZS(-11)^2*(ZS(-13)/2+0,2234*ZS(-11)))/1000;=WURZEL(ZS(-3)/ZS(-9));=(2/3*ZS(-16)*ZS(-14)^3*(1-0,63*ZS(-14)/ZS(-16))+1/3*(ZS(-17)-2*ZS(-14))*ZS(-15)^3+2*(0,145+0,1*ZS(-13)/ZS(-14))*ZS(-15)/ZS(-14)*(((ZS(-13)+ZS(-15)/2)^2+(ZS(-13)+ZS(-14))^2-ZS(-13)^2)/(ZS(-14)+2*ZS(-13)))^4)/10000;=(1/24*ZS(-15)*ZS(-17)^3*(ZS(-18)-ZS(-15))^2)/1000000;=1/4*ZS(-18)*(ZS(-19)-ZS(-16))/100;=(WURZEL((1/12*ZS(-17)*ZS(-19)^3+1/12*1/5*(ZS(-20)-2*ZS(-17))*ZS(-18)^3+2*0,00755*ZS(-16)^4+2*0,2146*ZS(-16)^2*(ZS(-18)/2+0,2234*ZS(-16))^2)/(ZS(-19)*ZS(-17)+1/5*ZS(-18)*(ZS(-20)-2*ZS(-17))+2*0,2146*ZS(-16)^2)))/10;=24*ZS(-14);=24/WURZEL(3)*ZS(-16);=24*(2*ZS(-22)*ZS(-20)*1/2*(ZS(-23)-ZS(-20))+1/4*(ZS(-23)-2*ZS(-20))^2*ZS(-21)+4*0,2146*ZS(-19)^2*(ZS(-23)/2-ZS(-20)-0,2234*ZS(-19)))/1000;=24/WURZEL(3)*(2*ZS(-23)*ZS(-21))/100;=24*(2*1/4*ZS(-24)^2*ZS(-22)+1/4*ZS(-23)^2*(ZS(-25)-2*ZS(-22))+4*0,2146*ZS(-21)^2*(ZS(-23)/2+0,2234*ZS(-21)))/1000;=24/WURZEL(3)*(2*ZS3*ZS5^3+(ZS2-ZS5)*ZS4^3)*(1/(2*ZS5)-1/(4*ZS3))/1000;=1/2*ZS(-3)*(ZS(-27)-ZS(-24))/10;=24*1/4*ZS(-27)^2*ZS(-25)*(ZS(-28)-ZS(-25))/10000;
140;140;140;7;12;12;=ZS(-5)-2*(ZS(-2)+ZS(-1));=(ZS(-6)-ZS(-3))*ZS(-4)/100;=(2*ZS(-6)*ZS(-4)+(ZS(-7)-2*ZS(-4))*ZS(-5)+4*0,2146*ZS(-3)^2)/100;=ZS(-1)*0,785;=(1/12*(ZS(-9)-2*ZS(-6))^3*ZS(-7)+2/12*ZS(-6)^3*ZS(-8)+2*ZS(-8)*ZS(-6)*(ZS(-9)-ZS(-6))^2*1/4+4*0,00755*ZS(-5)^4+4*0,2146*ZS(-5)^2*(ZS(-9)/2-ZS(-6)-0,2234*ZS(-5))^2)/10000;=ZS(-1)*2/(ZS(-10)/10);=(ZS(-10)*ZS(-8)*1/2*(ZS(-11)-ZS(-8))+ZS(-9)*1/8*(ZS(-11)-2*ZS(-8))^2+2*0,2146*ZS(-7)^2*(ZS(-11)/2-ZS(-8)-0,2234*ZS(-7)))/1000;=WURZEL(ZS(-3)/ZS(-5));=(2/12*ZS(-12)^3*ZS(-10)+1/12*ZS(-11)^3*(ZS(-13)-2*ZS(-10))+4*0,00755*ZS(-9)^4+4*0,2146*ZS(-9)^2*(ZS(-11)/2+0,2234*ZS(-9))^2)/10000;=ZS(-1)*2/(ZS(-13)/10);=(2*ZS(-12)*1/8*ZS(-14)^2+(ZS(-15)-2*ZS(-12))*1/8*ZS(-13)^2+2*0,2146*ZS(-11)^2*(ZS(-13)/2+0,2234*ZS(-11)))/1000;=WURZEL(ZS(-3)/ZS(-9));=(2/3*ZS(-16)*ZS(-14)^3*(1-0,63*ZS(-14)/ZS(-16))+1/3*(ZS(-17)-2*ZS(-14))*ZS(-15)^3+2*(0,145+0,1*ZS(-13)/ZS(-14))*ZS(-15)/ZS(-14)*(((ZS(-13)+ZS(-15)/2)^2+(ZS(-13)+ZS(-14))^2-ZS(-13)^2)/(ZS(-14)+2*ZS(-13)))^4)/10000;=(1/24*ZS(-15)*ZS(-17)^3*(ZS(-18)-ZS(-15))^2)/1000000;=1/4*ZS(-18)*(ZS(-19)-ZS(-16))/100;=(WURZEL((1/12*ZS(-17)*ZS(-19)^3+1/12*1/5*(ZS(-20)-2*ZS(-17))*ZS(-18)^3+2*0,00755*ZS(-16)^4+2*0,2146*ZS(-16)^2*(ZS(-18)/2+0,2234*ZS(-16))^2)/(ZS(-19)*ZS(-17)+1/5*ZS(-18)*(ZS(-20)-2*ZS(-17))+2*0,2146*ZS(-16)^2)))/10;=24*ZS(-14);=24/WURZEL(3)*ZS(-16);=24*(2*ZS(-22)*ZS(-20)*1/2*(ZS(-23)-ZS(-20))+1/4*(ZS(-23)-2*ZS(-20))^2*ZS(-21)+4*0,2146*ZS(-19)^2*(ZS(-23)/2-ZS(-20)-0,2234*ZS(-19)))/1000;=24/WURZEL(3)*(2*ZS(-23)*ZS(-21))/100;=24*(2*1/4*ZS(-24)^2*ZS(-22)+1/4*ZS(-23)^2*(ZS(-25)-2*ZS(-22))+4*0,2146*ZS(-21)^2*(ZS(-23)/2+0,2234*ZS(-21)))/1000;=24/WURZEL(3)*(2*ZS3*ZS5^3+(ZS2-ZS5)*ZS4^3)*(1/(2*ZS5)-1/(4*ZS3))/1000;=1/2*ZS(-3)*(ZS(-27)-ZS(-24))/10;=24*1/4*ZS(-27)^2*ZS(-25)*(ZS(-28)-ZS(-25))/10000;
160;160;160;8;13;15;=ZS(-5)-2*(ZS(-2)+ZS(-1));=(ZS(-6)-ZS(-3))*ZS(-4)/100;=(2*ZS(-6)*ZS(-4)+(ZS(-7)-2*ZS(-4))*ZS(-5)+4*0,2146*ZS(-3)^2)/100;=ZS(-1)*0,785;=(1/12*(ZS(-9)-2*ZS(-6))^3*ZS(-7)+2/12*ZS(-6)^3*ZS(-8)+2*ZS(-8)*ZS(-6)*(ZS(-9)-ZS(-6))^2*1/4+4*0,00755*ZS(-5)^4+4*0,2146*ZS(-5)^2*(ZS(-9)/2-ZS(-6)-0,2234*ZS(-5))^2)/10000;=ZS(-1)*2/(ZS(-10)/10);=(ZS(-10)*ZS(-8)*1/2*(ZS(-11)-ZS(-8))+ZS(-9)*1/8*(ZS(-11)-2*ZS(-8))^2+2*0,2146*ZS(-7)^2*(ZS(-11)/2-ZS(-8)-0,2234*ZS(-7)))/1000;=WURZEL(ZS(-3)/ZS(-5));=(2/12*ZS(-12)^3*ZS(-10)+1/12*ZS(-11)^3*(ZS(-13)-2*ZS(-10))+4*0,00755*ZS(-9)^4+4*0,2146*ZS(-9)^2*(ZS(-11)/2+0,2234*ZS(-9))^2)/10000;=ZS(-1)*2/(ZS(-13)/10);=(2*ZS(-12)*1/8*ZS(-14)^2+(ZS(-15)-2*ZS(-12))*1/8*ZS(-13)^2+2*0,2146*ZS(-11)^2*(ZS(-13)/2+0,2234*ZS(-11)))/1000;=WURZEL(ZS(-3)/ZS(-9));=(2/3*ZS(-16)*ZS(-14)^3*(1-0,63*ZS(-14)/ZS(-16))+1/3*(ZS(-17)-2*ZS(-14))*ZS(-15)^3+2*(0,145+0,1*ZS(-13)/ZS(-14))*ZS(-15)/ZS(-14)*(((ZS(-13)+ZS(-15)/2)^2+(ZS(-13)+ZS(-14))^2-ZS(-13)^2)/(ZS(-14)+2*ZS(-13)))^4)/10000;=(1/24*ZS(-15)*ZS(-17)^3*(ZS(-18)-ZS(-15))^2)/1000000;=1/4*ZS(-18)*(ZS(-19)-ZS(-16))/100;=(WURZEL((1/12*ZS(-17)*ZS(-19)^3+1/12*1/5*(ZS(-20)-2*ZS(-17))*ZS(-18)^3+2*0,00755*ZS(-16)^4+2*0,2146*ZS(-16)^2*(ZS(-18)/2+0,2234*ZS(-16))^2)/(ZS(-19)*ZS(-17)+1/5*ZS(-18)*(ZS(-20)-2*ZS(-17))+2*0,2146*ZS(-16)^2)))/10;=24*ZS(-14);=24/WURZEL(3)*ZS(-16);=24*(2*ZS(-22)*ZS(-20)*1/2*(ZS(-23)-ZS(-20))+1/4*(ZS(-23)-2*ZS(-20))^2*ZS(-21)+4*0,2146*ZS(-19)^2*(ZS(-23)/2-ZS(-20)-0,2234*ZS(-19)))/1000;=24/WURZEL(3)*(2*ZS(-23)*ZS(-21))/100;=24*(2*1/4*ZS(-24)^2*ZS(-22)+1/4*ZS(-23)^2*(ZS(-25)-2*ZS(-22))+4*0,2146*ZS(-21)^2*(ZS(-23)/2+0,2234*ZS(-21)))/1000;=24/WURZEL(3)*(2*ZS3*ZS5^3+(ZS2-ZS5)*ZS4^3)*(1/(2*ZS5)-1/(4*ZS3))/1000;=1/2*ZS(-3)*(ZS(-27)-ZS(-24))/10;=24*1/4*ZS(-27)^2*ZS(-25)*(ZS(-28)-ZS(-25))/10000;
180;180;180;8,5;14;15;=ZS(-5)-2*(ZS(-2)+ZS(-1));=(ZS(-6)-ZS(-3))*ZS(-4)/100;=(2*ZS(-6)*ZS(-4)+(ZS(-7)-2*ZS(-4))*ZS(-5)+4*0,2146*ZS(-3)^2)/100;=ZS(-1)*0,785;=(1/12*(ZS(-9)-2*ZS(-6))^3*ZS(-7)+2/12*ZS(-6)^3*ZS(-8)+2*ZS(-8)*ZS(-6)*(ZS(-9)-ZS(-6))^2*1/4+4*0,00755*ZS(-5)^4+4*0,2146*ZS(-5)^2*(ZS(-9)/2-ZS(-6)-0,2234*ZS(-5))^2)/10000;=ZS(-1)*2/(ZS(-10)/10);=(ZS(-10)*ZS(-8)*1/2*(ZS(-11)-ZS(-8))+ZS(-9)*1/8*(ZS(-11)-2*ZS(-8))^2+2*0,2146*ZS(-7)^2*(ZS(-11)/2-ZS(-8)-0,2234*ZS(-7)))/1000;=WURZEL(ZS(-3)/ZS(-5));=(2/12*ZS(-12)^3*ZS(-10)+1/12*ZS(-11)^3*(ZS(-13)-2*ZS(-10))+4*0,00755*ZS(-9)^4+4*0,2146*ZS(-9)^2*(ZS(-11)/2+0,2234*ZS(-9))^2)/10000;=ZS(-1)*2/(ZS(-13)/10);=(2*ZS(-12)*1/8*ZS(-14)^2+(ZS(-15)-2*ZS(-12))*1/8*ZS(-13)^2+2*0,2146*ZS(-11)^2*(ZS(-13)/2+0,2234*ZS(-11)))/1000;=WURZEL(ZS(-3)/ZS(-9));=(2/3*ZS(-16)*ZS(-14)^3*(1-0,63*ZS(-14)/ZS(-16))+1/3*(ZS(-17)-2*ZS(-14))*ZS(-15)^3+2*(0,145+0,1*ZS(-13)/ZS(-14))*ZS(-15)/ZS(-14)*(((ZS(-13)+ZS(-15)/2)^2+(ZS(-13)+ZS(-14))^2-ZS(-13)^2)/(ZS(-14)+2*ZS(-13)))^4)/10000;=(1/24*ZS(-15)*ZS(-17)^3*(ZS(-18)-ZS(-15))^2)/1000000;=1/4*ZS(-18)*(ZS(-19)-ZS(-16))/100;=(WURZEL((1/12*ZS(-17)*ZS(-19)^3+1/12*1/5*(ZS(-20)-2*ZS(-17))*ZS(-18)^3+2*0,00755*ZS(-16)^4+2*0,2146*ZS(-16)^2*(ZS(-18)/2+0,2234*ZS(-16))^2)/(ZS(-19)*ZS(-17)+1/5*ZS(-18)*(ZS(-20)-2*ZS(-17))+2*0,2146*ZS(-16)^2)))/10;=24*ZS(-14);=24/WURZEL(3)*ZS(-16);=24*(2*ZS(-22)*ZS(-20)*1/2*(ZS(-23)-ZS(-20))+1/4*(ZS(-23)-2*ZS(-20))^2*ZS(-21)+4*0,2146*ZS(-19)^2*(ZS(-23)/2-ZS(-20)-0,2234*ZS(-19)))/1000;=24/WURZEL(3)*(2*ZS(-23)*ZS(-21))/100;=24*(2*1/4*ZS(-24)^2*ZS(-22)+1/4*ZS(-23)^2*(ZS(-25)-2*ZS(-22))+4*0,2146*ZS(-21)^2*(ZS(-23)/2+0,2234*ZS(-21)))/1000;=24/WURZEL(3)*(2*ZS3*ZS5^3+(ZS2-ZS5)*ZS4^3)*(1/(2*ZS5)-1/(4*ZS3))/1000;=1/2*ZS(-3)*(ZS(-27)-ZS(-24))/10;=24*1/4*ZS(-27)^2*ZS(-25)*(ZS(-28)-ZS(-25))/10000;
200;200;200;9;15;18;=ZS(-5)-2*(ZS(-2)+ZS(-1));=(ZS(-6)-ZS(-3))*ZS(-4)/100;=(2*ZS(-6)*ZS(-4)+(ZS(-7)-2*ZS(-4))*ZS(-5)+4*0,2146*ZS(-3)^2)/100;=ZS(-1)*0,785;=(1/12*(ZS(-9)-2*ZS(-6))^3*ZS(-7)+2/12*ZS(-6)^3*ZS(-8)+2*ZS(-8)*ZS(-6)*(ZS(-9)-ZS(-6))^2*1/4+4*0,00755*ZS(-5)^4+4*0,2146*ZS(-5)^2*(ZS(-9)/2-ZS(-6)-0,2234*ZS(-5))^2)/10000;=ZS(-1)*2/(ZS(-10)/10);=(ZS(-10)*ZS(-8)*1/2*(ZS(-11)-ZS(-8))+ZS(-9)*1/8*(ZS(-11)-2*ZS(-8))^2+2*0,2146*ZS(-7)^2*(ZS(-11)/2-ZS(-8)-0,2234*ZS(-7)))/1000;=WURZEL(ZS(-3)/ZS(-5));=(2/12*ZS(-12)^3*ZS(-10)+1/12*ZS(-11)^3*(ZS(-13)-2*ZS(-10))+4*0,00755*ZS(-9)^4+4*0,2146*ZS(-9)^2*(ZS(-11)/2+0,2234*ZS(-9))^2)/10000;=ZS(-1)*2/(ZS(-13)/10);=(2*ZS(-12)*1/8*ZS(-14)^2+(ZS(-15)-2*ZS(-12))*1/8*ZS(-13)^2+2*0,2146*ZS(-11)^2*(ZS(-13)/2+0,2234*ZS(-11)))/1000;=WURZEL(ZS(-3)/ZS(-9));=(2/3*ZS(-16)*ZS(-14)^3*(1-0,63*ZS(-14)/ZS(-16))+1/3*(ZS(-17)-2*ZS(-14))*ZS(-15)^3+2*(0,145+0,1*ZS(-13)/ZS(-14))*ZS(-15)/ZS(-14)*(((ZS(-13)+ZS(-15)/2)^2+(ZS(-13)+ZS(-14))^2-ZS(-13)^2)/(ZS(-14)+2*ZS(-13)))^4)/10000;=(1/24*ZS(-15)*ZS(-17)^3*(ZS(-18)-ZS(-15))^2)/1000000;=1/4*ZS(-18)*(ZS(-19)-ZS(-16))/100;=(WURZEL((1/12*ZS(-17)*ZS(-19)^3+1/12*1/5*(ZS(-20)-2*ZS(-17))*ZS(-18)^3+2*0,00755*ZS(-16)^4+2*0,2146*ZS(-16)^2*(ZS(-18)/2+0,2234*ZS(-16))^2)/(ZS(-19)*ZS(-17)+1/5*ZS(-18)*(ZS(-20)-2*ZS(-17))+2*0,2146*ZS(-16)^2)))/10;=24*ZS(-14);=24/WURZEL(3)*ZS(-16);=24*(2*ZS(-22)*ZS(-20)*1/2*(ZS(-23)-ZS(-20))+1/4*(ZS(-23)-2*ZS(-20))^2*ZS(-21)+4*0,2146*ZS(-19)^2*(ZS(-23)/2-ZS(-20)-0,2234*ZS(-19)))/1000;=24/WURZEL(3)*(2*ZS(-23)*ZS(-21))/100;=24*(2*1/4*ZS(-24)^2*ZS(-22)+1/4*ZS(-23)^2*(ZS(-25)-2*ZS(-22))+4*0,2146*ZS(-21)^2*(ZS(-23)/2+0,2234*ZS(-21)))/1000;=24/WURZEL(3)*(2*ZS3*ZS5^3+(ZS2-ZS5)*ZS4^3)*(1/(2*ZS5)-1/(4*ZS3))/1000;=1/2*ZS(-3)*(ZS(-27)-ZS(-24))/10;=24*1/4*ZS(-27)^2*ZS(-25)*(ZS(-28)-ZS(-25))/10000;
220;220;220;9,5;16;18;=ZS(-5)-2*(ZS(-2)+ZS(-1));=(ZS(-6)-ZS(-3))*ZS(-4)/100;=(2*ZS(-6)*ZS(-4)+(ZS(-7)-2*ZS(-4))*ZS(-5)+4*0,2146*ZS(-3)^2)/100;=ZS(-1)*0,785;=(1/12*(ZS(-9)-2*ZS(-6))^3*ZS(-7)+2/12*ZS(-6)^3*ZS(-8)+2*ZS(-8)*ZS(-6)*(ZS(-9)-ZS(-6))^2*1/4+4*0,00755*ZS(-5)^4+4*0,2146*ZS(-5)^2*(ZS(-9)/2-ZS(-6)-0,2234*ZS(-5))^2)/10000;=ZS(-1)*2/(ZS(-10)/10);=(ZS(-10)*ZS(-8)*1/2*(ZS(-11)-ZS(-8))+ZS(-9)*1/8*(ZS(-11)-2*ZS(-8))^2+2*0,2146*ZS(-7)^2*(ZS(-11)/2-ZS(-8)-0,2234*ZS(-7)))/1000;=WURZEL(ZS(-3)/ZS(-5));=(2/12*ZS(-12)^3*ZS(-10)+1/12*ZS(-11)^3*(ZS(-13)-2*ZS(-10))+4*0,00755*ZS(-9)^4+4*0,2146*ZS(-9)^2*(ZS(-11)/2+0,2234*ZS(-9))^2)/10000;=ZS(-1)*2/(ZS(-13)/10);=(2*ZS(-12)*1/8*ZS(-14)^2+(ZS(-15)-2*ZS(-12))*1/8*ZS(-13)^2+2*0,2146*ZS(-11)^2*(ZS(-13)/2+0,2234*ZS(-11)))/1000;=WURZEL(ZS(-3)/ZS(-9));=(2/3*ZS(-16)*ZS(-14)^3*(1-0,63*ZS(-14)/ZS(-16))+1/3*(ZS(-17)-2*ZS(-14))*ZS(-15)^3+2*(0,145+0,1*ZS(-13)/ZS(-14))*ZS(-15)/ZS(-14)*(((ZS(-13)+ZS(-15)/2)^2+(ZS(-13)+ZS(-14))^2-ZS(-13)^2)/(ZS(-14)+2*ZS(-13)))^4)/10000;=(1/24*ZS(-15)*ZS(-17)^3*(ZS(-18)-ZS(-15))^2)/1000000;=1/4*ZS(-18)*(ZS(-19)-ZS(-16))/100;=(WURZEL((1/12*ZS(-17)*ZS(-19)^3+1/12*1/5*(ZS(-20)-2*ZS(-17))*ZS(-18)^3+2*0,00755*ZS(-16)^4+2*0,2146*ZS(-16)^2*(ZS(-18)/2+0,2234*ZS(-16))^2)/(ZS(-19)*ZS(-17)+1/5*ZS(-18)*(ZS(-20)-2*ZS(-17))+2*0,2146*ZS(-16)^2)))/10;=24*ZS(-14);=24/WURZEL(3)*ZS(-16);=24*(2*ZS(-22)*ZS(-20)*1/2*(ZS(-23)-ZS(-20))+1/4*(ZS(-23)-2*ZS(-20))^2*ZS(-21)+4*0,2146*ZS(-19)^2*(ZS(-23)/2-ZS(-20)-0,2234*ZS(-19)))/1000;=24/WURZEL(3)*(2*ZS(-23)*ZS(-21))/100;=24*(2*1/4*ZS(-24)^2*ZS(-22)+1/4*ZS(-23)^2*(ZS(-25)-2*ZS(-22))+4*0,2146*ZS(-21)^2*(ZS(-23)/2+0,2234*ZS(-21)))/1000;=24/WURZEL(3)*(2*ZS3*ZS5^3+(ZS2-ZS5)*ZS4^3)*(1/(2*ZS5)-1/(4*ZS3))/1000;=1/2*ZS(-3)*(ZS(-27)-ZS(-24))/10;=24*1/4*ZS(-27)^2*ZS(-25)*(ZS(-28)-ZS(-25))/10000;
240;240;240;10;17;21;=ZS(-5)-2*(ZS(-2)+ZS(-1));=(ZS(-6)-ZS(-3))*ZS(-4)/100;=(2*ZS(-6)*ZS(-4)+(ZS(-7)-2*ZS(-4))*ZS(-5)+4*0,2146*ZS(-3)^2)/100;=ZS(-1)*0,785;=(1/12*(ZS(-9)-2*ZS(-6))^3*ZS(-7)+2/12*ZS(-6)^3*ZS(-8)+2*ZS(-8)*ZS(-6)*(ZS(-9)-ZS(-6))^2*1/4+4*0,00755*ZS(-5)^4+4*0,2146*ZS(-5)^2*(ZS(-9)/2-ZS(-6)-0,2234*ZS(-5))^2)/10000;=ZS(-1)*2/(ZS(-10)/10);=(ZS(-10)*ZS(-8)*1/2*(ZS(-11)-ZS(-8))+ZS(-9)*1/8*(ZS(-11)-2*ZS(-8))^2+2*0,2146*ZS(-7)^2*(ZS(-11)/2-ZS(-8)-0,2234*ZS(-7)))/1000;=WURZEL(ZS(-3)/ZS(-5));=(2/12*ZS(-12)^3*ZS(-10)+1/12*ZS(-11)^3*(ZS(-13)-2*ZS(-10))+4*0,00755*ZS(-9)^4+4*0,2146*ZS(-9)^2*(ZS(-11)/2+0,2234*ZS(-9))^2)/10000;=ZS(-1)*2/(ZS(-13)/10);=(2*ZS(-12)*1/8*ZS(-14)^2+(ZS(-15)-2*ZS(-12))*1/8*ZS(-13)^2+2*0,2146*ZS(-11)^2*(ZS(-13)/2+0,2234*ZS(-11)))/1000;=WURZEL(ZS(-3)/ZS(-9));=(2/3*ZS(-16)*ZS(-14)^3*(1-0,63*ZS(-14)/ZS(-16))+1/3*(ZS(-17)-2*ZS(-14))*ZS(-15)^3+2*(0,145+0,1*ZS(-13)/ZS(-14))*ZS(-15)/ZS(-14)*(((ZS(-13)+ZS(-15)/2)^2+(ZS(-13)+ZS(-14))^2-ZS(-13)^2)/(ZS(-14)+2*ZS(-13)))^4)/10000;=(1/24*ZS(-15)*ZS(-17)^3*(ZS(-18)-ZS(-15))^2)/1000000;=1/4*ZS(-18)*(ZS(-19)-ZS(-16))/100;=(WURZEL((1/12*ZS(-17)*ZS(-19)^3+1/12*1/5*(ZS(-20)-2*ZS(-17))*ZS(-18)^3+2*0,00755*ZS(-16)^4+2*0,2146*ZS(-16)^2*(ZS(-18)/2+0,2234*ZS(-16))^2)/(ZS(-19)*ZS(-17)+1/5*ZS(-18)*(ZS(-20)-2*ZS(-17))+2*0,2146*ZS(-16)^2)))/10;=24*ZS(-14);=24/WURZEL(3)*ZS(-16);=24*(2*ZS(-22)*ZS(-20)*1/2*(ZS(-23)-ZS(-20))+1/4*(ZS(-23)-2*ZS(-20))^2*ZS(-21)+4*0,2146*ZS(-19)^2*(ZS(-23)/2-ZS(-20)-0,2234*ZS(-19)))/1000;=24/WURZEL(3)*(2*ZS(-23)*ZS(-21))/100;=24*(2*1/4*ZS(-24)^2*ZS(-22)+1/4*ZS(-23)^2*(ZS(-25)-2*ZS(-22))+4*0,2146*ZS(-21)^2*(ZS(-23)/2+0,2234*ZS(-21)))/1000;=24/WURZEL(3)*(2*ZS3*ZS5^3+(ZS2-ZS5)*ZS4^3)*(1/(2*ZS5)-1/(4*ZS3))/1000;=1/2*ZS(-3)*(ZS(-27)-ZS(-24))/10;=24*1/4*ZS(-27)^2*ZS(-25)*(ZS(-28)-ZS(-25))/10000;
260;260;260;10;17,5;24;=ZS(-5)-2*(ZS(-2)+ZS(-1));=(ZS(-6)-ZS(-3))*ZS(-4)/100;=(2*ZS(-6)*ZS(-4)+(ZS(-7)-2*ZS(-4))*ZS(-5)+4*0,2146*ZS(-3)^2)/100;=ZS(-1)*0,785;=(1/12*(ZS(-9)-2*ZS(-6))^3*ZS(-7)+2/12*ZS(-6)^3*ZS(-8)+2*ZS(-8)*ZS(-6)*(ZS(-9)-ZS(-6))^2*1/4+4*0,00755*ZS(-5)^4+4*0,2146*ZS(-5)^2*(ZS(-9)/2-ZS(-6)-0,2234*ZS(-5))^2)/10000;=ZS(-1)*2/(ZS(-10)/10);=(ZS(-10)*ZS(-8)*1/2*(ZS(-11)-ZS(-8))+ZS(-9)*1/8*(ZS(-11)-2*ZS(-8))^2+2*0,2146*ZS(-7)^2*(ZS(-11)/2-ZS(-8)-0,2234*ZS(-7)))/1000;=WURZEL(ZS(-3)/ZS(-5));=(2/12*ZS(-12)^3*ZS(-10)+1/12*ZS(-11)^3*(ZS(-13)-2*ZS(-10))+4*0,00755*ZS(-9)^4+4*0,2146*ZS(-9)^2*(ZS(-11)/2+0,2234*ZS(-9))^2)/10000;=ZS(-1)*2/(ZS(-13)/10);=(2*ZS(-12)*1/8*ZS(-14)^2+(ZS(-15)-2*ZS(-12))*1/8*ZS(-13)^2+2*0,2146*ZS(-11)^2*(ZS(-13)/2+0,2234*ZS(-11)))/1000;=WURZEL(ZS(-3)/ZS(-9));=(2/3*ZS(-16)*ZS(-14)^3*(1-0,63*ZS(-14)/ZS(-16))+1/3*(ZS(-17)-2*ZS(-14))*ZS(-15)^3+2*(0,145+0,1*ZS(-13)/ZS(-14))*ZS(-15)/ZS(-14)*(((ZS(-13)+ZS(-15)/2)^2+(ZS(-13)+ZS(-14))^2-ZS(-13)^2)/(ZS(-14)+2*ZS(-13)))^4)/10000;=(1/24*ZS(-15)*ZS(-17)^3*(ZS(-18)-ZS(-15))^2)/1000000;=1/4*ZS(-18)*(ZS(-19)-ZS(-16))/100;=(WURZEL((1/12*ZS(-17)*ZS(-19)^3+1/12*1/5*(ZS(-20)-2*ZS(-17))*ZS(-18)^3+2*0,00755*ZS(-16)^4+2*0,2146*ZS(-16)^2*(ZS(-18)/2+0,2234*ZS(-16))^2)/(ZS(-19)*ZS(-17)+1/5*ZS(-18)*(ZS(-20)-2*ZS(-17))+2*0,2146*ZS(-16)^2)))/10;=24*ZS(-14);=24/WURZEL(3)*ZS(-16);=24*(2*ZS(-22)*ZS(-20)*1/2*(ZS(-23)-ZS(-20))+1/4*(ZS(-23)-2*ZS(-20))^2*ZS(-21)+4*0,2146*ZS(-19)^2*(ZS(-23)/2-ZS(-20)-0,2234*ZS(-19)))/1000;=24/WURZEL(3)*(2*ZS(-23)*ZS(-21))/100;=24*(2*1/4*ZS(-24)^2*ZS(-22)+1/4*ZS(-23)^2*(ZS(-25)-2*ZS(-22))+4*0,2146*ZS(-21)^2*(ZS(-23)/2+0,2234*ZS(-21)))/1000;=24/WURZEL(3)*(2*ZS3*ZS5^3+(ZS2-ZS5)*ZS4^3)*(1/(2*ZS5)-1/(4*ZS3))/1000;=1/2*ZS(-3)*(ZS(-27)-ZS(-24))/10;=24*1/4*ZS(-27)^2*ZS(-25)*(ZS(-28)-ZS(-25))/10000;
280;280;280;10,5;18;24;=ZS(-5)-2*(ZS(-2)+ZS(-1));=(ZS(-6)-ZS(-3))*ZS(-4)/100;=(2*ZS(-6)*ZS(-4)+(ZS(-7)-2*ZS(-4))*ZS(-5)+4*0,2146*ZS(-3)^2)/100;=ZS(-1)*0,785;=(1/12*(ZS(-9)-2*ZS(-6))^3*ZS(-7)+2/12*ZS(-6)^3*ZS(-8)+2*ZS(-8)*ZS(-6)*(ZS(-9)-ZS(-6))^2*1/4+4*0,00755*ZS(-5)^4+4*0,2146*ZS(-5)^2*(ZS(-9)/2-ZS(-6)-0,2234*ZS(-5))^2)/10000;=ZS(-1)*2/(ZS(-10)/10);=(ZS(-10)*ZS(-8)*1/2*(ZS(-11)-ZS(-8))+ZS(-9)*1/8*(ZS(-11)-2*ZS(-8))^2+2*0,2146*ZS(-7)^2*(ZS(-11)/2-ZS(-8)-0,2234*ZS(-7)))/1000;=WURZEL(ZS(-3)/ZS(-5));=(2/12*ZS(-12)^3*ZS(-10)+1/12*ZS(-11)^3*(ZS(-13)-2*ZS(-10))+4*0,00755*ZS(-9)^4+4*0,2146*ZS(-9)^2*(ZS(-11)/2+0,2234*ZS(-9))^2)/10000;=ZS(-1)*2/(ZS(-13)/10);=(2*ZS(-12)*1/8*ZS(-14)^2+(ZS(-15)-2*ZS(-12))*1/8*ZS(-13)^2+2*0,2146*ZS(-11)^2*(ZS(-13)/2+0,2234*ZS(-11)))/1000;=WURZEL(ZS(-3)/ZS(-9));=(2/3*ZS(-16)*ZS(-14)^3*(1-0,63*ZS(-14)/ZS(-16))+1/3*(ZS(-17)-2*ZS(-14))*ZS(-15)^3+2*(0,145+0,1*ZS(-13)/ZS(-14))*ZS(-15)/ZS(-14)*(((ZS(-13)+ZS(-15)/2)^2+(ZS(-13)+ZS(-14))^2-ZS(-13)^2)/(ZS(-14)+2*ZS(-13)))^4)/10000;=(1/24*ZS(-15)*ZS(-17)^3*(ZS(-18)-ZS(-15))^2)/1000000;=1/4*ZS(-18)*(ZS(-19)-ZS(-16))/100;=(WURZEL((1/12*ZS(-17)*ZS(-19)^3+1/12*1/5*(ZS(-20)-2*ZS(-17))*ZS(-18)^3+2*0,00755*ZS(-16)^4+2*0,2146*ZS(-16)^2*(ZS(-18)/2+0,2234*ZS(-16))^2)/(ZS(-19)*ZS(-17)+1/5*ZS(-18)*(ZS(-20)-2*ZS(-17))+2*0,2146*ZS(-16)^2)))/10;=24*ZS(-14);=24/WURZEL(3)*ZS(-16);=24*(2*ZS(-22)*ZS(-20)*1/2*(ZS(-23)-ZS(-20))+1/4*(ZS(-23)-2*ZS(-20))^2*ZS(-21)+4*0,2146*ZS(-19)^2*(ZS(-23)/2-ZS(-20)-0,2234*ZS(-19)))/1000;=24/WURZEL(3)*(2*ZS(-23)*ZS(-21))/100;=24*(2*1/4*ZS(-24)^2*ZS(-22)+1/4*ZS(-23)^2*(ZS(-25)-2*ZS(-22))+4*0,2146*ZS(-21)^2*(ZS(-23)/2+0,2234*ZS(-21)))/1000;=24/WURZEL(3)*(2*ZS3*ZS5^3+(ZS2-ZS5)*ZS4^3)*(1/(2*ZS5)-1/(4*ZS3))/1000;=1/2*ZS(-3)*(ZS(-27)-ZS(-24))/10;=24*1/4*ZS(-27)^2*ZS(-25)*(ZS(-28)-ZS(-25))/10000;
300;300;300;11;19;27;=ZS(-5)-2*(ZS(-2)+ZS(-1));=(ZS(-6)-ZS(-3))*ZS(-4)/100;=(2*ZS(-6)*ZS(-4)+(ZS(-7)-2*ZS(-4))*ZS(-5)+4*0,2146*ZS(-3)^2)/100;=ZS(-1)*0,785;=(1/12*(ZS(-9)-2*ZS(-6))^3*ZS(-7)+2/12*ZS(-6)^3*ZS(-8)+2*ZS(-8)*ZS(-6)*(ZS(-9)-ZS(-6))^2*1/4+4*0,00755*ZS(-5)^4+4*0,2146*ZS(-5)^2*(ZS(-9)/2-ZS(-6)-0,2234*ZS(-5))^2)/10000;=ZS(-1)*2/(ZS(-10)/10);=(ZS(-10)*ZS(-8)*1/2*(ZS(-11)-ZS(-8))+ZS(-9)*1/8*(ZS(-11)-2*ZS(-8))^2+2*0,2146*ZS(-7)^2*(ZS(-11)/2-ZS(-8)-0,2234*ZS(-7)))/1000;=WURZEL(ZS(-3)/ZS(-5));=(2/12*ZS(-12)^3*ZS(-10)+1/12*ZS(-11)^3*(ZS(-13)-2*ZS(-10))+4*0,00755*ZS(-9)^4+4*0,2146*ZS(-9)^2*(ZS(-11)/2+0,2234*ZS(-9))^2)/10000;=ZS(-1)*2/(ZS(-13)/10);=(2*ZS(-12)*1/8*ZS(-14)^2+(ZS(-15)-2*ZS(-12))*1/8*ZS(-13)^2+2*0,2146*ZS(-11)^2*(ZS(-13)/2+0,2234*ZS(-11)))/1000;=WURZEL(ZS(-3)/ZS(-9));=(2/3*ZS(-16)*ZS(-14)^3*(1-0,63*ZS(-14)/ZS(-16))+1/3*(ZS(-17)-2*ZS(-14))*ZS(-15)^3+2*(0,145+0,1*ZS(-13)/ZS(-14))*ZS(-15)/ZS(-14)*(((ZS(-13)+ZS(-15)/2)^2+(ZS(-13)+ZS(-14))^2-ZS(-13)^2)/(ZS(-14)+2*ZS(-13)))^4)/10000;=(1/24*ZS(-15)*ZS(-17)^3*(ZS(-18)-ZS(-15))^2)/1000000;=1/4*ZS(-18)*(ZS(-19)-ZS(-16))/100;=(WURZEL((1/12*ZS(-17)*ZS(-19)^3+1/12*1/5*(ZS(-20)-2*ZS(-17))*ZS(-18)^3+2*0,00755*ZS(-16)^4+2*0,2146*ZS(-16)^2*(ZS(-18)/2+0,2234*ZS(-16))^2)/(ZS(-19)*ZS(-17)+1/5*ZS(-18)*(ZS(-20)-2*ZS(-17))+2*0,2146*ZS(-16)^2)))/10;=24*ZS(-14);=24/WURZEL(3)*ZS(-16);=24*(2*ZS(-22)*ZS(-20)*1/2*(ZS(-23)-ZS(-20))+1/4*(ZS(-23)-2*ZS(-20))^2*ZS(-21)+4*0,2146*ZS(-19)^2*(ZS(-23)/2-ZS(-20)-0,2234*ZS(-19)))/1000;=24/WURZEL(3)*(2*ZS(-23)*ZS(-21))/100;=24*(2*1/4*ZS(-24)^2*ZS(-22)+1/4*ZS(-23)^2*(ZS(-25)-2*ZS(-22))+4*0,2146*ZS(-21)^2*(ZS(-23)/2+0,2234*ZS(-21)))/1000;=24/WURZEL(3)*(2*ZS3*ZS5^3+(ZS2-ZS5)*ZS4^3)*(1/(2*ZS5)-1/(4*ZS3))/1000;=1/2*ZS(-3)*(ZS(-27)-ZS(-24))/10;=24*1/4*ZS(-27)^2*ZS(-25)*(ZS(-28)-ZS(-25))/10000;
320;320;300;11,5;20,5;27;=ZS(-5)-2*(ZS(-2)+ZS(-1));=(ZS(-6)-ZS(-3))*ZS(-4)/100;=(2*ZS(-6)*ZS(-4)+(ZS(-7)-2*ZS(-4))*ZS(-5)+4*0,2146*ZS(-3)^2)/100;=ZS(-1)*0,785;=(1/12*(ZS(-9)-2*ZS(-6))^3*ZS(-7)+2/12*ZS(-6)^3*ZS(-8)+2*ZS(-8)*ZS(-6)*(ZS(-9)-ZS(-6))^2*1/4+4*0,00755*ZS(-5)^4+4*0,2146*ZS(-5)^2*(ZS(-9)/2-ZS(-6)-0,2234*ZS(-5))^2)/10000;=ZS(-1)*2/(ZS(-10)/10);=(ZS(-10)*ZS(-8)*1/2*(ZS(-11)-ZS(-8))+ZS(-9)*1/8*(ZS(-11)-2*ZS(-8))^2+2*0,2146*ZS(-7)^2*(ZS(-11)/2-ZS(-8)-0,2234*ZS(-7)))/1000;=WURZEL(ZS(-3)/ZS(-5));=(2/12*ZS(-12)^3*ZS(-10)+1/12*ZS(-11)^3*(ZS(-13)-2*ZS(-10))+4*0,00755*ZS(-9)^4+4*0,2146*ZS(-9)^2*(ZS(-11)/2+0,2234*ZS(-9))^2)/10000;=ZS(-1)*2/(ZS(-13)/10);=(2*ZS(-12)*1/8*ZS(-14)^2+(ZS(-15)-2*ZS(-12))*1/8*ZS(-13)^2+2*0,2146*ZS(-11)^2*(ZS(-13)/2+0,2234*ZS(-11)))/1000;=WURZEL(ZS(-3)/ZS(-9));=(2/3*ZS(-16)*ZS(-14)^3*(1-0,63*ZS(-14)/ZS(-16))+1/3*(ZS(-17)-2*ZS(-14))*ZS(-15)^3+2*(0,145+0,1*ZS(-13)/ZS(-14))*ZS(-15)/ZS(-14)*(((ZS(-13)+ZS(-15)/2)^2+(ZS(-13)+ZS(-14))^2-ZS(-13)^2)/(ZS(-14)+2*ZS(-13)))^4)/10000;=(1/24*ZS(-15)*ZS(-17)^3*(ZS(-18)-ZS(-15))^2)/1000000;=1/4*ZS(-18)*(ZS(-19)-ZS(-16))/100;=(WURZEL((1/12*ZS(-17)*ZS(-19)^3+1/12*1/5*(ZS(-20)-2*ZS(-17))*ZS(-18)^3+2*0,00755*ZS(-16)^4+2*0,2146*ZS(-16)^2*(ZS(-18)/2+0,2234*ZS(-16))^2)/(ZS(-19)*ZS(-17)+1/5*ZS(-18)*(ZS(-20)-2*ZS(-17))+2*0,2146*ZS(-16)^2)))/10;=24*ZS(-14);=24/WURZEL(3)*ZS(-16);=24*(2*ZS(-22)*ZS(-20)*1/2*(ZS(-23)-ZS(-20))+1/4*(ZS(-23)-2*ZS(-20))^2*ZS(-21)+4*0,2146*ZS(-19)^2*(ZS(-23)/2-ZS(-20)-0,2234*ZS(-19)))/1000;=24/WURZEL(3)*(2*ZS(-23)*ZS(-21))/100;=24*(2*1/4*ZS(-24)^2*ZS(-22)+1/4*ZS(-23)^2*(ZS(-25)-2*ZS(-22))+4*0,2146*ZS(-21)^2*(ZS(-23)/2+0,2234*ZS(-21)))/1000;=24/WURZEL(3)*(2*ZS3*ZS5^3+(ZS2-ZS5)*ZS4^3)*(1/(2*ZS5)-1/(4*ZS3))/1000;=1/2*ZS(-3)*(ZS(-27)-ZS(-24))/10;=24*1/4*ZS(-27)^2*ZS(-25)*(ZS(-28)-ZS(-25))/10000;
340;340;300;12;21,5;27;=ZS(-5)-2*(ZS(-2)+ZS(-1));=(ZS(-6)-ZS(-3))*ZS(-4)/100;=(2*ZS(-6)*ZS(-4)+(ZS(-7)-2*ZS(-4))*ZS(-5)+4*0,2146*ZS(-3)^2)/100;=ZS(-1)*0,785;=(1/12*(ZS(-9)-2*ZS(-6))^3*ZS(-7)+2/12*ZS(-6)^3*ZS(-8)+2*ZS(-8)*ZS(-6)*(ZS(-9)-ZS(-6))^2*1/4+4*0,00755*ZS(-5)^4+4*0,2146*ZS(-5)^2*(ZS(-9)/2-ZS(-6)-0,2234*ZS(-5))^2)/10000;=ZS(-1)*2/(ZS(-10)/10);=(ZS(-10)*ZS(-8)*1/2*(ZS(-11)-ZS(-8))+ZS(-9)*1/8*(ZS(-11)-2*ZS(-8))^2+2*0,2146*ZS(-7)^2*(ZS(-11)/2-ZS(-8)-0,2234*ZS(-7)))/1000;=WURZEL(ZS(-3)/ZS(-5));=(2/12*ZS(-12)^3*ZS(-10)+1/12*ZS(-11)^3*(ZS(-13)-2*ZS(-10))+4*0,00755*ZS(-9)^4+4*0,2146*ZS(-9)^2*(ZS(-11)/2+0,2234*ZS(-9))^2)/10000;=ZS(-1)*2/(ZS(-13)/10);=(2*ZS(-12)*1/8*ZS(-14)^2+(ZS(-15)-2*ZS(-12))*1/8*ZS(-13)^2+2*0,2146*ZS(-11)^2*(ZS(-13)/2+0,2234*ZS(-11)))/1000;=WURZEL(ZS(-3)/ZS(-9));=(2/3*ZS(-16)*ZS(-14)^3*(1-0,63*ZS(-14)/ZS(-16))+1/3*(ZS(-17)-2*ZS(-14))*ZS(-15)^3+2*(0,145+0,1*ZS(-13)/ZS(-14))*ZS(-15)/ZS(-14)*(((ZS(-13)+ZS(-15)/2)^2+(ZS(-13)+ZS(-14))^2-ZS(-13)^2)/(ZS(-14)+2*ZS(-13)))^4)/10000;=(1/24*ZS(-15)*ZS(-17)^3*(ZS(-18)-ZS(-15))^2)/1000000;=1/4*ZS(-18)*(ZS(-19)-ZS(-16))/100;=(WURZEL((1/12*ZS(-17)*ZS(-19)^3+1/12*1/5*(ZS(-20)-2*ZS(-17))*ZS(-18)^3+2*0,00755*ZS(-16)^4+2*0,2146*ZS(-16)^2*(ZS(-18)/2+0,2234*ZS(-16))^2)/(ZS(-19)*ZS(-17)+1/5*ZS(-18)*(ZS(-20)-2*ZS(-17))+2*0,2146*ZS(-16)^2)))/10;=24*ZS(-14);=24/WURZEL(3)*ZS(-16);=24*(2*ZS(-22)*ZS(-20)*1/2*(ZS(-23)-ZS(-20))+1/4*(ZS(-23)-2*ZS(-20))^2*ZS(-21)+4*0,2146*ZS(-19)^2*(ZS(-23)/2-ZS(-20)-0,2234*ZS(-19)))/1000;=24/WURZEL(3)*(2*ZS(-23)*ZS(-21))/100;=24*(2*1/4*ZS(-24)^2*ZS(-22)+1/4*ZS(-23)^2*(ZS(-25)-2*ZS(-22))+4*0,2146*ZS(-21)^2*(ZS(-23)/2+0,2234*ZS(-21)))/1000;=24/WURZEL(3)*(2*ZS3*ZS5^3+(ZS2-ZS5)*ZS4^3)*(1/(2*ZS5)-1/(4*ZS3))/1000;=1/2*ZS(-3)*(ZS(-27)-ZS(-24))/10;=24*1/4*ZS(-27)^2*ZS(-25)*(ZS(-28)-ZS(-25))/10000;
360;360;300;12,5;22,5;27;=ZS(-5)-2*(ZS(-2)+ZS(-1));=(ZS(-6)-ZS(-3))*ZS(-4)/100;=(2*ZS(-6)*ZS(-4)+(ZS(-7)-2*ZS(-4))*ZS(-5)+4*0,2146*ZS(-3)^2)/100;=ZS(-1)*0,785;=(1/12*(ZS(-9)-2*ZS(-6))^3*ZS(-7)+2/12*ZS(-6)^3*ZS(-8)+2*ZS(-8)*ZS(-6)*(ZS(-9)-ZS(-6))^2*1/4+4*0,00755*ZS(-5)^4+4*0,2146*ZS(-5)^2*(ZS(-9)/2-ZS(-6)-0,2234*ZS(-5))^2)/10000;=ZS(-1)*2/(ZS(-10)/10);=(ZS(-10)*ZS(-8)*1/2*(ZS(-11)-ZS(-8))+ZS(-9)*1/8*(ZS(-11)-2*ZS(-8))^2+2*0,2146*ZS(-7)^2*(ZS(-11)/2-ZS(-8)-0,2234*ZS(-7)))/1000;=WURZEL(ZS(-3)/ZS(-5));=(2/12*ZS(-12)^3*ZS(-10)+1/12*ZS(-11)^3*(ZS(-13)-2*ZS(-10))+4*0,00755*ZS(-9)^4+4*0,2146*ZS(-9)^2*(ZS(-11)/2+0,2234*ZS(-9))^2)/10000;=ZS(-1)*2/(ZS(-13)/10);=(2*ZS(-12)*1/8*ZS(-14)^2+(ZS(-15)-2*ZS(-12))*1/8*ZS(-13)^2+2*0,2146*ZS(-11)^2*(ZS(-13)/2+0,2234*ZS(-11)))/1000;=WURZEL(ZS(-3)/ZS(-9));=(2/3*ZS(-16)*ZS(-14)^3*(1-0,63*ZS(-14)/ZS(-16))+1/3*(ZS(-17)-2*ZS(-14))*ZS(-15)^3+2*(0,145+0,1*ZS(-13)/ZS(-14))*ZS(-15)/ZS(-14)*(((ZS(-13)+ZS(-15)/2)^2+(ZS(-13)+ZS(-14))^2-ZS(-13)^2)/(ZS(-14)+2*ZS(-13)))^4)/10000;=(1/24*ZS(-15)*ZS(-17)^3*(ZS(-18)-ZS(-15))^2)/1000000;=1/4*ZS(-18)*(ZS(-19)-ZS(-16))/100;=(WURZEL((1/12*ZS(-17)*ZS(-19)^3+1/12*1/5*(ZS(-20)-2*ZS(-17))*ZS(-18)^3+2*0,00755*ZS(-16)^4+2*0,2146*ZS(-16)^2*(ZS(-18)/2+0,2234*ZS(-16))^2)/(ZS(-19)*ZS(-17)+1/5*ZS(-18)*(ZS(-20)-2*ZS(-17))+2*0,2146*ZS(-16)^2)))/10;=24*ZS(-14);=24/WURZEL(3)*ZS(-16);=24*(2*ZS(-22)*ZS(-20)*1/2*(ZS(-23)-ZS(-20))+1/4*(ZS(-23)-2*ZS(-20))^2*ZS(-21)+4*0,2146*ZS(-19)^2*(ZS(-23)/2-ZS(-20)-0,2234*ZS(-19)))/1000;=24/WURZEL(3)*(2*ZS(-23)*ZS(-21))/100;=24*(2*1/4*ZS(-24)^2*ZS(-22)+1/4*ZS(-23)^2*(ZS(-25)-2*ZS(-22))+4*0,2146*ZS(-21)^2*(ZS(-23)/2+0,2234*ZS(-21)))/1000;=24/WURZEL(3)*(2*ZS3*ZS5^3+(ZS2-ZS5)*ZS4^3)*(1/(2*ZS5)-1/(4*ZS3))/1000;=1/2*ZS(-3)*(ZS(-27)-ZS(-24))/10;=24*1/4*ZS(-27)^2*ZS(-25)*(ZS(-28)-ZS(-25))/10000;
400;400;300;13,5;24;27;=ZS(-5)-2*(ZS(-2)+ZS(-1));=(ZS(-6)-ZS(-3))*ZS(-4)/100;=(2*ZS(-6)*ZS(-4)+(ZS(-7)-2*ZS(-4))*ZS(-5)+4*0,2146*ZS(-3)^2)/100;=ZS(-1)*0,785;=(1/12*(ZS(-9)-2*ZS(-6))^3*ZS(-7)+2/12*ZS(-6)^3*ZS(-8)+2*ZS(-8)*ZS(-6)*(ZS(-9)-ZS(-6))^2*1/4+4*0,00755*ZS(-5)^4+4*0,2146*ZS(-5)^2*(ZS(-9)/2-ZS(-6)-0,2234*ZS(-5))^2)/10000;=ZS(-1)*2/(ZS(-10)/10);=(ZS(-10)*ZS(-8)*1/2*(ZS(-11)-ZS(-8))+ZS(-9)*1/8*(ZS(-11)-2*ZS(-8))^2+2*0,2146*ZS(-7)^2*(ZS(-11)/2-ZS(-8)-0,2234*ZS(-7)))/1000;=WURZEL(ZS(-3)/ZS(-5));=(2/12*ZS(-12)^3*ZS(-10)+1/12*ZS(-11)^3*(ZS(-13)-2*ZS(-10))+4*0,00755*ZS(-9)^4+4*0,2146*ZS(-9)^2*(ZS(-11)/2+0,2234*ZS(-9))^2)/10000;=ZS(-1)*2/(ZS(-13)/10);=(2*ZS(-12)*1/8*ZS(-14)^2+(ZS(-15)-2*ZS(-12))*1/8*ZS(-13)^2+2*0,2146*ZS(-11)^2*(ZS(-13)/2+0,2234*ZS(-11)))/1000;=WURZEL(ZS(-3)/ZS(-9));=(2/3*ZS(-16)*ZS(-14)^3*(1-0,63*ZS(-14)/ZS(-16))+1/3*(ZS(-17)-2*ZS(-14))*ZS(-15)^3+2*(0,145+0,1*ZS(-13)/ZS(-14))*ZS(-15)/ZS(-14)*(((ZS(-13)+ZS(-15)/2)^2+(ZS(-13)+ZS(-14))^2-ZS(-13)^2)/(ZS(-14)+2*ZS(-13)))^4)/10000;=(1/24*ZS(-15)*ZS(-17)^3*(ZS(-18)-ZS(-15))^2)/1000000;=1/4*ZS(-18)*(ZS(-19)-ZS(-16))/100;=(WURZEL((1/12*ZS(-17)*ZS(-19)^3+1/12*1/5*(ZS(-20)-2*ZS(-17))*ZS(-18)^3+2*0,00755*ZS(-16)^4+2*0,2146*ZS(-16)^2*(ZS(-18)/2+0,2234*ZS(-16))^2)/(ZS(-19)*ZS(-17)+1/5*ZS(-18)*(ZS(-20)-2*ZS(-17))+2*0,2146*ZS(-16)^2)))/10;=24*ZS(-14);=24/WURZEL(3)*ZS(-16);=24*(2*ZS(-22)*ZS(-20)*1/2*(ZS(-23)-ZS(-20))+1/4*(ZS(-23)-2*ZS(-20))^2*ZS(-21)+4*0,2146*ZS(-19)^2*(ZS(-23)/2-ZS(-20)-0,2234*ZS(-19)))/1000;=24/WURZEL(3)*(2*ZS(-23)*ZS(-21))/100;=24*(2*1/4*ZS(-24)^2*ZS(-22)+1/4*ZS(-23)^2*(ZS(-25)-2*ZS(-22))+4*0,2146*ZS(-21)^2*(ZS(-23)/2+0,2234*ZS(-21)))/1000;=24/WURZEL(3)*(2*ZS3*ZS5^3+(ZS2-ZS5)*ZS4^3)*(1/(2*ZS5)-1/(4*ZS3))/1000;=1/2*ZS(-3)*(ZS(-27)-ZS(-24))/10;=24*1/4*ZS(-27)^2*ZS(-25)*(ZS(-28)-ZS(-25))/10000;
450;450;300;14;26;27;=ZS(-5)-2*(ZS(-2)+ZS(-1));=(ZS(-6)-ZS(-3))*ZS(-4)/100;=(2*ZS(-6)*ZS(-4)+(ZS(-7)-2*ZS(-4))*ZS(-5)+4*0,2146*ZS(-3)^2)/100;=ZS(-1)*0,785;=(1/12*(ZS(-9)-2*ZS(-6))^3*ZS(-7)+2/12*ZS(-6)^3*ZS(-8)+2*ZS(-8)*ZS(-6)*(ZS(-9)-ZS(-6))^2*1/4+4*0,00755*ZS(-5)^4+4*0,2146*ZS(-5)^2*(ZS(-9)/2-ZS(-6)-0,2234*ZS(-5))^2)/10000;=ZS(-1)*2/(ZS(-10)/10);=(ZS(-10)*ZS(-8)*1/2*(ZS(-11)-ZS(-8))+ZS(-9)*1/8*(ZS(-11)-2*ZS(-8))^2+2*0,2146*ZS(-7)^2*(ZS(-11)/2-ZS(-8)-0,2234*ZS(-7)))/1000;=WURZEL(ZS(-3)/ZS(-5));=(2/12*ZS(-12)^3*ZS(-10)+1/12*ZS(-11)^3*(ZS(-13)-2*ZS(-10))+4*0,00755*ZS(-9)^4+4*0,2146*ZS(-9)^2*(ZS(-11)/2+0,2234*ZS(-9))^2)/10000;=ZS(-1)*2/(ZS(-13)/10);=(2*ZS(-12)*1/8*ZS(-14)^2+(ZS(-15)-2*ZS(-12))*1/8*ZS(-13)^2+2*0,2146*ZS(-11)^2*(ZS(-13)/2+0,2234*ZS(-11)))/1000;=WURZEL(ZS(-3)/ZS(-9));=(2/3*ZS(-16)*ZS(-14)^3*(1-0,63*ZS(-14)/ZS(-16))+1/3*(ZS(-17)-2*ZS(-14))*ZS(-15)^3+2*(0,145+0,1*ZS(-13)/ZS(-14))*ZS(-15)/ZS(-14)*(((ZS(-13)+ZS(-15)/2)^2+(ZS(-13)+ZS(-14))^2-ZS(-13)^2)/(ZS(-14)+2*ZS(-13)))^4)/10000;=(1/24*ZS(-15)*ZS(-17)^3*(ZS(-18)-ZS(-15))^2)/1000000;=1/4*ZS(-18)*(ZS(-19)-ZS(-16))/100;=(WURZEL((1/12*ZS(-17)*ZS(-19)^3+1/12*1/5*(ZS(-20)-2*ZS(-17))*ZS(-18)^3+2*0,00755*ZS(-16)^4+2*0,2146*ZS(-16)^2*(ZS(-18)/2+0,2234*ZS(-16))^2)/(ZS(-19)*ZS(-17)+1/5*ZS(-18)*(ZS(-20)-2*ZS(-17))+2*0,2146*ZS(-16)^2)))/10;=24*ZS(-14);=24/WURZEL(3)*ZS(-16);=24*(2*ZS(-22)*ZS(-20)*1/2*(ZS(-23)-ZS(-20))+1/4*(ZS(-23)-2*ZS(-20))^2*ZS(-21)+4*0,2146*ZS(-19)^2*(ZS(-23)/2-ZS(-20)-0,2234*ZS(-19)))/1000;=24/WURZEL(3)*(2*ZS(-23)*ZS(-21))/100;=24*(2*1/4*ZS(-24)^2*ZS(-22)+1/4*ZS(-23)^2*(ZS(-25)-2*ZS(-22))+4*0,2146*ZS(-21)^2*(ZS(-23)/2+0,2234*ZS(-21)))/1000;=24/WURZEL(3)*(2*ZS3*ZS5^3+(ZS2-ZS5)*ZS4^3)*(1/(2*ZS5)-1/(4*ZS3))/1000;=1/2*ZS(-3)*(ZS(-27)-ZS(-24))/10;=24*1/4*ZS(-27)^2*ZS(-25)*(ZS(-28)-ZS(-25))/10000;
500;500;300;14,5;28;27;=ZS(-5)-2*(ZS(-2)+ZS(-1));=(ZS(-6)-ZS(-3))*ZS(-4)/100;=(2*ZS(-6)*ZS(-4)+(ZS(-7)-2*ZS(-4))*ZS(-5)+4*0,2146*ZS(-3)^2)/100;=ZS(-1)*0,785;=(1/12*(ZS(-9)-2*ZS(-6))^3*ZS(-7)+2/12*ZS(-6)^3*ZS(-8)+2*ZS(-8)*ZS(-6)*(ZS(-9)-ZS(-6))^2*1/4+4*0,00755*ZS(-5)^4+4*0,2146*ZS(-5)^2*(ZS(-9)/2-ZS(-6)-0,2234*ZS(-5))^2)/10000;=ZS(-1)*2/(ZS(-10)/10);=(ZS(-10)*ZS(-8)*1/2*(ZS(-11)-ZS(-8))+ZS(-9)*1/8*(ZS(-11)-2*ZS(-8))^2+2*0,2146*ZS(-7)^2*(ZS(-11)/2-ZS(-8)-0,2234*ZS(-7)))/1000;=WURZEL(ZS(-3)/ZS(-5));=(2/12*ZS(-12)^3*ZS(-10)+1/12*ZS(-11)^3*(ZS(-13)-2*ZS(-10))+4*0,00755*ZS(-9)^4+4*0,2146*ZS(-9)^2*(ZS(-11)/2+0,2234*ZS(-9))^2)/10000;=ZS(-1)*2/(ZS(-13)/10);=(2*ZS(-12)*1/8*ZS(-14)^2+(ZS(-15)-2*ZS(-12))*1/8*ZS(-13)^2+2*0,2146*ZS(-11)^2*(ZS(-13)/2+0,2234*ZS(-11)))/1000;=WURZEL(ZS(-3)/ZS(-9));=(2/3*ZS(-16)*ZS(-14)^3*(1-0,63*ZS(-14)/ZS(-16))+1/3*(ZS(-17)-2*ZS(-14))*ZS(-15)^3+2*(0,145+0,1*ZS(-13)/ZS(-14))*ZS(-15)/ZS(-14)*(((ZS(-13)+ZS(-15)/2)^2+(ZS(-13)+ZS(-14))^2-ZS(-13)^2)/(ZS(-14)+2*ZS(-13)))^4)/10000;=(1/24*ZS(-15)*ZS(-17)^3*(ZS(-18)-ZS(-15))^2)/1000000;=1/4*ZS(-18)*(ZS(-19)-ZS(-16))/100;=(WURZEL((1/12*ZS(-17)*ZS(-19)^3+1/12*1/5*(ZS(-20)-2*ZS(-17))*ZS(-18)^3+2*0,00755*ZS(-16)^4+2*0,2146*ZS(-16)^2*(ZS(-18)/2+0,2234*ZS(-16))^2)/(ZS(-19)*ZS(-17)+1/5*ZS(-18)*(ZS(-20)-2*ZS(-17))+2*0,2146*ZS(-16)^2)))/10;=24*ZS(-14);=24/WURZEL(3)*ZS(-16);=24*(2*ZS(-22)*ZS(-20)*1/2*(ZS(-23)-ZS(-20))+1/4*(ZS(-23)-2*ZS(-20))^2*ZS(-21)+4*0,2146*ZS(-19)^2*(ZS(-23)/2-ZS(-20)-0,2234*ZS(-19)))/1000;=24/WURZEL(3)*(2*ZS(-23)*ZS(-21))/100;=24*(2*1/4*ZS(-24)^2*ZS(-22)+1/4*ZS(-23)^2*(ZS(-25)-2*ZS(-22))+4*0,2146*ZS(-21)^2*(ZS(-23)/2+0,2234*ZS(-21)))/1000;=24/WURZEL(3)*(2*ZS3*ZS5^3+(ZS2-ZS5)*ZS4^3)*(1/(2*ZS5)-1/(4*ZS3))/1000;=1/2*ZS(-3)*(ZS(-27)-ZS(-24))/10;=24*1/4*ZS(-27)^2*ZS(-25)*(ZS(-28)-ZS(-25))/10000;
550;550;300;15;29;27;=ZS(-5)-2*(ZS(-2)+ZS(-1));=(ZS(-6)-ZS(-3))*ZS(-4)/100;=(2*ZS(-6)*ZS(-4)+(ZS(-7)-2*ZS(-4))*ZS(-5)+4*0,2146*ZS(-3)^2)/100;=ZS(-1)*0,785;=(1/12*(ZS(-9)-2*ZS(-6))^3*ZS(-7)+2/12*ZS(-6)^3*ZS(-8)+2*ZS(-8)*ZS(-6)*(ZS(-9)-ZS(-6))^2*1/4+4*0,00755*ZS(-5)^4+4*0,2146*ZS(-5)^2*(ZS(-9)/2-ZS(-6)-0,2234*ZS(-5))^2)/10000;=ZS(-1)*2/(ZS(-10)/10);=(ZS(-10)*ZS(-8)*1/2*(ZS(-11)-ZS(-8))+ZS(-9)*1/8*(ZS(-11)-2*ZS(-8))^2+2*0,2146*ZS(-7)^2*(ZS(-11)/2-ZS(-8)-0,2234*ZS(-7)))/1000;=WURZEL(ZS(-3)/ZS(-5));=(2/12*ZS(-12)^3*ZS(-10)+1/12*ZS(-11)^3*(ZS(-13)-2*ZS(-10))+4*0,00755*ZS(-9)^4+4*0,2146*ZS(-9)^2*(ZS(-11)/2+0,2234*ZS(-9))^2)/10000;=ZS(-1)*2/(ZS(-13)/10);=(2*ZS(-12)*1/8*ZS(-14)^2+(ZS(-15)-2*ZS(-12))*1/8*ZS(-13)^2+2*0,2146*ZS(-11)^2*(ZS(-13)/2+0,2234*ZS(-11)))/1000;=WURZEL(ZS(-3)/ZS(-9));=(2/3*ZS(-16)*ZS(-14)^3*(1-0,63*ZS(-14)/ZS(-16))+1/3*(ZS(-17)-2*ZS(-14))*ZS(-15)^3+2*(0,145+0,1*ZS(-13)/ZS(-14))*ZS(-15)/ZS(-14)*(((ZS(-13)+ZS(-15)/2)^2+(ZS(-13)+ZS(-14))^2-ZS(-13)^2)/(ZS(-14)+2*ZS(-13)))^4)/10000;=(1/24*ZS(-15)*ZS(-17)^3*(ZS(-18)-ZS(-15))^2)/1000000;=1/4*ZS(-18)*(ZS(-19)-ZS(-16))/100;=(WURZEL((1/12*ZS(-17)*ZS(-19)^3+1/12*1/5*(ZS(-20)-2*ZS(-17))*ZS(-18)^3+2*0,00755*ZS(-16)^4+2*0,2146*ZS(-16)^2*(ZS(-18)/2+0,2234*ZS(-16))^2)/(ZS(-19)*ZS(-17)+1/5*ZS(-18)*(ZS(-20)-2*ZS(-17))+2*0,2146*ZS(-16)^2)))/10;=24*ZS(-14);=24/WURZEL(3)*ZS(-16);=24*(2*ZS(-22)*ZS(-20)*1/2*(ZS(-23)-ZS(-20))+1/4*(ZS(-23)-2*ZS(-20))^2*ZS(-21)+4*0,2146*ZS(-19)^2*(ZS(-23)/2-ZS(-20)-0,2234*ZS(-19)))/1000;=24/WURZEL(3)*(2*ZS(-23)*ZS(-21))/100;=24*(2*1/4*ZS(-24)^2*ZS(-22)+1/4*ZS(-23)^2*(ZS(-25)-2*ZS(-22))+4*0,2146*ZS(-21)^2*(ZS(-23)/2+0,2234*ZS(-21)))/1000;=24/WURZEL(3)*(2*ZS3*ZS5^3+(ZS2-ZS5)*ZS4^3)*(1/(2*ZS5)-1/(4*ZS3))/1000;=1/2*ZS(-3)*(ZS(-27)-ZS(-24))/10;=24*1/4*ZS(-27)^2*ZS(-25)*(ZS(-28)-ZS(-25))/10000;
600;600;300;15,5;30;27;=ZS(-5)-2*(ZS(-2)+ZS(-1));=(ZS(-6)-ZS(-3))*ZS(-4)/100;=(2*ZS(-6)*ZS(-4)+(ZS(-7)-2*ZS(-4))*ZS(-5)+4*0,2146*ZS(-3)^2)/100;=ZS(-1)*0,785;=(1/12*(ZS(-9)-2*ZS(-6))^3*ZS(-7)+2/12*ZS(-6)^3*ZS(-8)+2*ZS(-8)*ZS(-6)*(ZS(-9)-ZS(-6))^2*1/4+4*0,00755*ZS(-5)^4+4*0,2146*ZS(-5)^2*(ZS(-9)/2-ZS(-6)-0,2234*ZS(-5))^2)/10000;=ZS(-1)*2/(ZS(-10)/10);=(ZS(-10)*ZS(-8)*1/2*(ZS(-11)-ZS(-8))+ZS(-9)*1/8*(ZS(-11)-2*ZS(-8))^2+2*0,2146*ZS(-7)^2*(ZS(-11)/2-ZS(-8)-0,2234*ZS(-7)))/1000;=WURZEL(ZS(-3)/ZS(-5));=(2/12*ZS(-12)^3*ZS(-10)+1/12*ZS(-11)^3*(ZS(-13)-2*ZS(-10))+4*0,00755*ZS(-9)^4+4*0,2146*ZS(-9)^2*(ZS(-11)/2+0,2234*ZS(-9))^2)/10000;=ZS(-1)*2/(ZS(-13)/10);=(2*ZS(-12)*1/8*ZS(-14)^2+(ZS(-15)-2*ZS(-12))*1/8*ZS(-13)^2+2*0,2146*ZS(-11)^2*(ZS(-13)/2+0,2234*ZS(-11)))/1000;=WURZEL(ZS(-3)/ZS(-9));=(2/3*ZS(-16)*ZS(-14)^3*(1-0,63*ZS(-14)/ZS(-16))+1/3*(ZS(-17)-2*ZS(-14))*ZS(-15)^3+2*(0,145+0,1*ZS(-13)/ZS(-14))*ZS(-15)/ZS(-14)*(((ZS(-13)+ZS(-15)/2)^2+(ZS(-13)+ZS(-14))^2-ZS(-13)^2)/(ZS(-14)+2*ZS(-13)))^4)/10000;=(1/24*ZS(-15)*ZS(-17)^3*(ZS(-18)-ZS(-15))^2)/1000000;=1/4*ZS(-18)*(ZS(-19)-ZS(-16))/100;=(WURZEL((1/12*ZS(-17)*ZS(-19)^3+1/12*1/5*(ZS(-20)-2*ZS(-17))*ZS(-18)^3+2*0,00755*ZS(-16)^4+2*0,2146*ZS(-16)^2*(ZS(-18)/2+0,2234*ZS(-16))^2)/(ZS(-19)*ZS(-17)+1/5*ZS(-18)*(ZS(-20)-2*ZS(-17))+2*0,2146*ZS(-16)^2)))/10;=24*ZS(-14);=24/WURZEL(3)*ZS(-16);=24*(2*ZS(-22)*ZS(-20)*1/2*(ZS(-23)-ZS(-20))+1/4*(ZS(-23)-2*ZS(-20))^2*ZS(-21)+4*0,2146*ZS(-19)^2*(ZS(-23)/2-ZS(-20)-0,2234*ZS(-19)))/1000;=24/WURZEL(3)*(2*ZS(-23)*ZS(-21))/100;=24*(2*1/4*ZS(-24)^2*ZS(-22)+1/4*ZS(-23)^2*(ZS(-25)-2*ZS(-22))+4*0,2146*ZS(-21)^2*(ZS(-23)/2+0,2234*ZS(-21)))/1000;=24/WURZEL(3)*(2*ZS3*ZS5^3+(ZS2-ZS5)*ZS4^3)*(1/(2*ZS5)-1/(4*ZS3))/1000;=1/2*ZS(-3)*(ZS(-27)-ZS(-24))/10;=24*1/4*ZS(-27)^2*ZS(-25)*(ZS(-28)-ZS(-25))/10000;
650;650;300;16;31;27;=ZS(-5)-2*(ZS(-2)+ZS(-1));=(ZS(-6)-ZS(-3))*ZS(-4)/100;=(2*ZS(-6)*ZS(-4)+(ZS(-7)-2*ZS(-4))*ZS(-5)+4*0,2146*ZS(-3)^2)/100;=ZS(-1)*0,785;=(1/12*(ZS(-9)-2*ZS(-6))^3*ZS(-7)+2/12*ZS(-6)^3*ZS(-8)+2*ZS(-8)*ZS(-6)*(ZS(-9)-ZS(-6))^2*1/4+4*0,00755*ZS(-5)^4+4*0,2146*ZS(-5)^2*(ZS(-9)/2-ZS(-6)-0,2234*ZS(-5))^2)/10000;=ZS(-1)*2/(ZS(-10)/10);=(ZS(-10)*ZS(-8)*1/2*(ZS(-11)-ZS(-8))+ZS(-9)*1/8*(ZS(-11)-2*ZS(-8))^2+2*0,2146*ZS(-7)^2*(ZS(-11)/2-ZS(-8)-0,2234*ZS(-7)))/1000;=WURZEL(ZS(-3)/ZS(-5));=(2/12*ZS(-12)^3*ZS(-10)+1/12*ZS(-11)^3*(ZS(-13)-2*ZS(-10))+4*0,00755*ZS(-9)^4+4*0,2146*ZS(-9)^2*(ZS(-11)/2+0,2234*ZS(-9))^2)/10000;=ZS(-1)*2/(ZS(-13)/10);=(2*ZS(-12)*1/8*ZS(-14)^2+(ZS(-15)-2*ZS(-12))*1/8*ZS(-13)^2+2*0,2146*ZS(-11)^2*(ZS(-13)/2+0,2234*ZS(-11)))/1000;=WURZEL(ZS(-3)/ZS(-9));=(2/3*ZS(-16)*ZS(-14)^3*(1-0,63*ZS(-14)/ZS(-16))+1/3*(ZS(-17)-2*ZS(-14))*ZS(-15)^3+2*(0,145+0,1*ZS(-13)/ZS(-14))*ZS(-15)/ZS(-14)*(((ZS(-13)+ZS(-15)/2)^2+(ZS(-13)+ZS(-14))^2-ZS(-13)^2)/(ZS(-14)+2*ZS(-13)))^4)/10000;=(1/24*ZS(-15)*ZS(-17)^3*(ZS(-18)-ZS(-15))^2)/1000000;=1/4*ZS(-18)*(ZS(-19)-ZS(-16))/100;=(WURZEL((1/12*ZS(-17)*ZS(-19)^3+1/12*1/5*(ZS(-20)-2*ZS(-17))*ZS(-18)^3+2*0,00755*ZS(-16)^4+2*0,2146*ZS(-16)^2*(ZS(-18)/2+0,2234*ZS(-16))^2)/(ZS(-19)*ZS(-17)+1/5*ZS(-18)*(ZS(-20)-2*ZS(-17))+2*0,2146*ZS(-16)^2)))/10;=24*ZS(-14);=24/WURZEL(3)*ZS(-16);=24*(2*ZS(-22)*ZS(-20)*1/2*(ZS(-23)-ZS(-20))+1/4*(ZS(-23)-2*ZS(-20))^2*ZS(-21)+4*0,2146*ZS(-19)^2*(ZS(-23)/2-ZS(-20)-0,2234*ZS(-19)))/1000;=24/WURZEL(3)*(2*ZS(-23)*ZS(-21))/100;=24*(2*1/4*ZS(-24)^2*ZS(-22)+1/4*ZS(-23)^2*(ZS(-25)-2*ZS(-22))+4*0,2146*ZS(-21)^2*(ZS(-23)/2+0,2234*ZS(-21)))/1000;=24/WURZEL(3)*(2*ZS3*ZS5^3+(ZS2-ZS5)*ZS4^3)*(1/(2*ZS5)-1/(4*ZS3))/1000;=1/2*ZS(-3)*(ZS(-27)-ZS(-24))/10;=24*1/4*ZS(-27)^2*ZS(-25)*(ZS(-28)-ZS(-25))/10000;
700;700;300;17;32;27;=ZS(-5)-2*(ZS(-2)+ZS(-1));=(ZS(-6)-ZS(-3))*ZS(-4)/100;=(2*ZS(-6)*ZS(-4)+(ZS(-7)-2*ZS(-4))*ZS(-5)+4*0,2146*ZS(-3)^2)/100;=ZS(-1)*0,785;=(1/12*(ZS(-9)-2*ZS(-6))^3*ZS(-7)+2/12*ZS(-6)^3*ZS(-8)+2*ZS(-8)*ZS(-6)*(ZS(-9)-ZS(-6))^2*1/4+4*0,00755*ZS(-5)^4+4*0,2146*ZS(-5)^2*(ZS(-9)/2-ZS(-6)-0,2234*ZS(-5))^2)/10000;=ZS(-1)*2/(ZS(-10)/10);=(ZS(-10)*ZS(-8)*1/2*(ZS(-11)-ZS(-8))+ZS(-9)*1/8*(ZS(-11)-2*ZS(-8))^2+2*0,2146*ZS(-7)^2*(ZS(-11)/2-ZS(-8)-0,2234*ZS(-7)))/1000;=WURZEL(ZS(-3)/ZS(-5));=(2/12*ZS(-12)^3*ZS(-10)+1/12*ZS(-11)^3*(ZS(-13)-2*ZS(-10))+4*0,00755*ZS(-9)^4+4*0,2146*ZS(-9)^2*(ZS(-11)/2+0,2234*ZS(-9))^2)/10000;=ZS(-1)*2/(ZS(-13)/10);=(2*ZS(-12)*1/8*ZS(-14)^2+(ZS(-15)-2*ZS(-12))*1/8*ZS(-13)^2+2*0,2146*ZS(-11)^2*(ZS(-13)/2+0,2234*ZS(-11)))/1000;=WURZEL(ZS(-3)/ZS(-9));=(2/3*ZS(-16)*ZS(-14)^3*(1-0,63*ZS(-14)/ZS(-16))+1/3*(ZS(-17)-2*ZS(-14))*ZS(-15)^3+2*(0,145+0,1*ZS(-13)/ZS(-14))*ZS(-15)/ZS(-14)*(((ZS(-13)+ZS(-15)/2)^2+(ZS(-13)+ZS(-14))^2-ZS(-13)^2)/(ZS(-14)+2*ZS(-13)))^4)/10000;=(1/24*ZS(-15)*ZS(-17)^3*(ZS(-18)-ZS(-15))^2)/1000000;=1/4*ZS(-18)*(ZS(-19)-ZS(-16))/100;=(WURZEL((1/12*ZS(-17)*ZS(-19)^3+1/12*1/5*(ZS(-20)-2*ZS(-17))*ZS(-18)^3+2*0,00755*ZS(-16)^4+2*0,2146*ZS(-16)^2*(ZS(-18)/2+0,2234*ZS(-16))^2)/(ZS(-19)*ZS(-17)+1/5*ZS(-18)*(ZS(-20)-2*ZS(-17))+2*0,2146*ZS(-16)^2)))/10;=24*ZS(-14);=24/WURZEL(3)*ZS(-16);=24*(2*ZS(-22)*ZS(-20)*1/2*(ZS(-23)-ZS(-20))+1/4*(ZS(-23)-2*ZS(-20))^2*ZS(-21)+4*0,2146*ZS(-19)^2*(ZS(-23)/2-ZS(-20)-0,2234*ZS(-19)))/1000;=24/WURZEL(3)*(2*ZS(-23)*ZS(-21))/100;=24*(2*1/4*ZS(-24)^2*ZS(-22)+1/4*ZS(-23)^2*(ZS(-25)-2*ZS(-22))+4*0,2146*ZS(-21)^2*(ZS(-23)/2+0,2234*ZS(-21)))/1000;=24/WURZEL(3)*(2*ZS3*ZS5^3+(ZS2-ZS5)*ZS4^3)*(1/(2*ZS5)-1/(4*ZS3))/1000;=1/2*ZS(-3)*(ZS(-27)-ZS(-24))/10;=24*1/4*ZS(-27)^2*ZS(-25)*(ZS(-28)-ZS(-25))/10000;
800;800;300;17,5;33;30;=ZS(-5)-2*(ZS(-2)+ZS(-1));=(ZS(-6)-ZS(-3))*ZS(-4)/100;=(2*ZS(-6)*ZS(-4)+(ZS(-7)-2*ZS(-4))*ZS(-5)+4*0,2146*ZS(-3)^2)/100;=ZS(-1)*0,785;=(1/12*(ZS(-9)-2*ZS(-6))^3*ZS(-7)+2/12*ZS(-6)^3*ZS(-8)+2*ZS(-8)*ZS(-6)*(ZS(-9)-ZS(-6))^2*1/4+4*0,00755*ZS(-5)^4+4*0,2146*ZS(-5)^2*(ZS(-9)/2-ZS(-6)-0,2234*ZS(-5))^2)/10000;=ZS(-1)*2/(ZS(-10)/10);=(ZS(-10)*ZS(-8)*1/2*(ZS(-11)-ZS(-8))+ZS(-9)*1/8*(ZS(-11)-2*ZS(-8))^2+2*0,2146*ZS(-7)^2*(ZS(-11)/2-ZS(-8)-0,2234*ZS(-7)))/1000;=WURZEL(ZS(-3)/ZS(-5));=(2/12*ZS(-12)^3*ZS(-10)+1/12*ZS(-11)^3*(ZS(-13)-2*ZS(-10))+4*0,00755*ZS(-9)^4+4*0,2146*ZS(-9)^2*(ZS(-11)/2+0,2234*ZS(-9))^2)/10000;=ZS(-1)*2/(ZS(-13)/10);=(2*ZS(-12)*1/8*ZS(-14)^2+(ZS(-15)-2*ZS(-12))*1/8*ZS(-13)^2+2*0,2146*ZS(-11)^2*(ZS(-13)/2+0,2234*ZS(-11)))/1000;=WURZEL(ZS(-3)/ZS(-9));=(2/3*ZS(-16)*ZS(-14)^3*(1-0,63*ZS(-14)/ZS(-16))+1/3*(ZS(-17)-2*ZS(-14))*ZS(-15)^3+2*(0,145+0,1*ZS(-13)/ZS(-14))*ZS(-15)/ZS(-14)*(((ZS(-13)+ZS(-15)/2)^2+(ZS(-13)+ZS(-14))^2-ZS(-13)^2)/(ZS(-14)+2*ZS(-13)))^4)/10000;=(1/24*ZS(-15)*ZS(-17)^3*(ZS(-18)-ZS(-15))^2)/1000000;=1/4*ZS(-18)*(ZS(-19)-ZS(-16))/100;=(WURZEL((1/12*ZS(-17)*ZS(-19)^3+1/12*1/5*(ZS(-20)-2*ZS(-17))*ZS(-18)^3+2*0,00755*ZS(-16)^4+2*0,2146*ZS(-16)^2*(ZS(-18)/2+0,2234*ZS(-16))^2)/(ZS(-19)*ZS(-17)+1/5*ZS(-18)*(ZS(-20)-2*ZS(-17))+2*0,2146*ZS(-16)^2)))/10;=24*ZS(-14);=24/WURZEL(3)*ZS(-16);=24*(2*ZS(-22)*ZS(-20)*1/2*(ZS(-23)-ZS(-20))+1/4*(ZS(-23)-2*ZS(-20))^2*ZS(-21)+4*0,2146*ZS(-19)^2*(ZS(-23)/2-ZS(-20)-0,2234*ZS(-19)))/1000;=24/WURZEL(3)*(2*ZS(-23)*ZS(-21))/100;=24*(2*1/4*ZS(-24)^2*ZS(-22)+1/4*ZS(-23)^2*(ZS(-25)-2*ZS(-22))+4*0,2146*ZS(-21)^2*(ZS(-23)/2+0,2234*ZS(-21)))/1000;=24/WURZEL(3)*(2*ZS3*ZS5^3+(ZS2-ZS5)*ZS4^3)*(1/(2*ZS5)-1/(4*ZS3))/1000;=1/2*ZS(-3)*(ZS(-27)-ZS(-24))/10;=24*1/4*ZS(-27)^2*ZS(-25)*(ZS(-28)-ZS(-25))/10000;
900;900;300;18,5;35;30;=ZS(-5)-2*(ZS(-2)+ZS(-1));=(ZS(-6)-ZS(-3))*ZS(-4)/100;=(2*ZS(-6)*ZS(-4)+(ZS(-7)-2*ZS(-4))*ZS(-5)+4*0,2146*ZS(-3)^2)/100;=ZS(-1)*0,785;=(1/12*(ZS(-9)-2*ZS(-6))^3*ZS(-7)+2/12*ZS(-6)^3*ZS(-8)+2*ZS(-8)*ZS(-6)*(ZS(-9)-ZS(-6))^2*1/4+4*0,00755*ZS(-5)^4+4*0,2146*ZS(-5)^2*(ZS(-9)/2-ZS(-6)-0,2234*ZS(-5))^2)/10000;=ZS(-1)*2/(ZS(-10)/10);=(ZS(-10)*ZS(-8)*1/2*(ZS(-11)-ZS(-8))+ZS(-9)*1/8*(ZS(-11)-2*ZS(-8))^2+2*0,2146*ZS(-7)^2*(ZS(-11)/2-ZS(-8)-0,2234*ZS(-7)))/1000;=WURZEL(ZS(-3)/ZS(-5));=(2/12*ZS(-12)^3*ZS(-10)+1/12*ZS(-11)^3*(ZS(-13)-2*ZS(-10))+4*0,00755*ZS(-9)^4+4*0,2146*ZS(-9)^2*(ZS(-11)/2+0,2234*ZS(-9))^2)/10000;=ZS(-1)*2/(ZS(-13)/10);=(2*ZS(-12)*1/8*ZS(-14)^2+(ZS(-15)-2*ZS(-12))*1/8*ZS(-13)^2+2*0,2146*ZS(-11)^2*(ZS(-13)/2+0,2234*ZS(-11)))/1000;=WURZEL(ZS(-3)/ZS(-9));=(2/3*ZS(-16)*ZS(-14)^3*(1-0,63*ZS(-14)/ZS(-16))+1/3*(ZS(-17)-2*ZS(-14))*ZS(-15)^3+2*(0,145+0,1*ZS(-13)/ZS(-14))*ZS(-15)/ZS(-14)*(((ZS(-13)+ZS(-15)/2)^2+(ZS(-13)+ZS(-14))^2-ZS(-13)^2)/(ZS(-14)+2*ZS(-13)))^4)/10000;=(1/24*ZS(-15)*ZS(-17)^3*(ZS(-18)-ZS(-15))^2)/1000000;=1/4*ZS(-18)*(ZS(-19)-ZS(-16))/100;=(WURZEL((1/12*ZS(-17)*ZS(-19)^3+1/12*1/5*(ZS(-20)-2*ZS(-17))*ZS(-18)^3+2*0,00755*ZS(-16)^4+2*0,2146*ZS(-16)^2*(ZS(-18)/2+0,2234*ZS(-16))^2)/(ZS(-19)*ZS(-17)+1/5*ZS(-18)*(ZS(-20)-2*ZS(-17))+2*0,2146*ZS(-16)^2)))/10;=24*ZS(-14);=24/WURZEL(3)*ZS(-16);=24*(2*ZS(-22)*ZS(-20)*1/2*(ZS(-23)-ZS(-20))+1/4*(ZS(-23)-2*ZS(-20))^2*ZS(-21)+4*0,2146*ZS(-19)^2*(ZS(-23)/2-ZS(-20)-0,2234*ZS(-19)))/1000;=24/WURZEL(3)*(2*ZS(-23)*ZS(-21))/100;=24*(2*1/4*ZS(-24)^2*ZS(-22)+1/4*ZS(-23)^2*(ZS(-25)-2*ZS(-22))+4*0,2146*ZS(-21)^2*(ZS(-23)/2+0,2234*ZS(-21)))/1000;=24/WURZEL(3)*(2*ZS3*ZS5^3+(ZS2-ZS5)*ZS4^3)*(1/(2*ZS5)-1/(4*ZS3))/1000;=1/2*ZS(-3)*(ZS(-27)-ZS(-24))/10;=24*1/4*ZS(-27)^2*ZS(-25)*(ZS(-28)-ZS(-25))/10000;
1000;1000;300;19;36;30;=ZS(-5)-2*(ZS(-2)+ZS(-1));=(ZS(-6)-ZS(-3))*ZS(-4)/100;=(2*ZS(-6)*ZS(-4)+(ZS(-7)-2*ZS(-4))*ZS(-5)+4*0,2146*ZS(-3)^2)/100;=ZS(-1)*0,785;=(1/12*(ZS(-9)-2*ZS(-6))^3*ZS(-7)+2/12*ZS(-6)^3*ZS(-8)+2*ZS(-8)*ZS(-6)*(ZS(-9)-ZS(-6))^2*1/4+4*0,00755*ZS(-5)^4+4*0,2146*ZS(-5)^2*(ZS(-9)/2-ZS(-6)-0,2234*ZS(-5))^2)/10000;=ZS(-1)*2/(ZS(-10)/10);=(ZS(-10)*ZS(-8)*1/2*(ZS(-11)-ZS(-8))+ZS(-9)*1/8*(ZS(-11)-2*ZS(-8))^2+2*0,2146*ZS(-7)^2*(ZS(-11)/2-ZS(-8)-0,2234*ZS(-7)))/1000;=WURZEL(ZS(-3)/ZS(-5));=(2/12*ZS(-12)^3*ZS(-10)+1/12*ZS(-11)^3*(ZS(-13)-2*ZS(-10))+4*0,00755*ZS(-9)^4+4*0,2146*ZS(-9)^2*(ZS(-11)/2+0,2234*ZS(-9))^2)/10000;=ZS(-1)*2/(ZS(-13)/10);=(2*ZS(-12)*1/8*ZS(-14)^2+(ZS(-15)-2*ZS(-12))*1/8*ZS(-13)^2+2*0,2146*ZS(-11)^2*(ZS(-13)/2+0,2234*ZS(-11)))/1000;=WURZEL(ZS(-3)/ZS(-9));=(2/3*ZS(-16)*ZS(-14)^3*(1-0,63*ZS(-14)/ZS(-16))+1/3*(ZS(-17)-2*ZS(-14))*ZS(-15)^3+2*(0,145+0,1*ZS(-13)/ZS(-14))*ZS(-15)/ZS(-14)*(((ZS(-13)+ZS(-15)/2)^2+(ZS(-13)+ZS(-14))^2-ZS(-13)^2)/(ZS(-14)+2*ZS(-13)))^4)/10000;=(1/24*ZS(-15)*ZS(-17)^3*(ZS(-18)-ZS(-15))^2)/1000000;=1/4*ZS(-18)*(ZS(-19)-ZS(-16))/100;=(WURZEL((1/12*ZS(-17)*ZS(-19)^3+1/12*1/5*(ZS(-20)-2*ZS(-17))*ZS(-18)^3+2*0,00755*ZS(-16)^4+2*0,2146*ZS(-16)^2*(ZS(-18)/2+0,2234*ZS(-16))^2)/(ZS(-19)*ZS(-17)+1/5*ZS(-18)*(ZS(-20)-2*ZS(-17))+2*0,2146*ZS(-16)^2)))/10;=24*ZS(-14);=24/WURZEL(3)*ZS(-16);=24*(2*ZS(-22)*ZS(-20)*1/2*(ZS(-23)-ZS(-20))+1/4*(ZS(-23)-2*ZS(-20))^2*ZS(-21)+4*0,2146*ZS(-19)^2*(ZS(-23)/2-ZS(-20)-0,2234*ZS(-19)))/1000;=24/WURZEL(3)*(2*ZS(-23)*ZS(-21))/100;=24*(2*1/4*ZS(-24)^2*ZS(-22)+1/4*ZS(-23)^2*(ZS(-25)-2*ZS(-22))+4*0,2146*ZS(-21)^2*(ZS(-23)/2+0,2234*ZS(-21)))/1000;=24/WURZEL(3)*(2*ZS3*ZS5^3+(ZS2-ZS5)*ZS4^3)*(1/(2*ZS5)-1/(4*ZS3))/1000;=1/2*ZS(-3)*(ZS(-27)-ZS(-24))/10;=24*1/4*ZS(-27)^2*ZS(-25)*(ZS(-28)-ZS(-25))/10000;
